option,accuracy,F1-score
0,0.84453333333333336,0.83311864891942178
